-- Insert into EVENTO table
INSERT INTO EVENTO (Nome_Evento, Nacionalidade, Tipo, Ano_Inicio) VALUES
('Cannes Film Festival', 'France', 'Film Festival', 1946),
('Sundance Film Festival', 'USA', 'Film Festival', 1978),
('Berlin International Film Festival', 'Germany', 'Film Festival', 1951),
('Venice Film Festival', 'Italy', 'Film Festival', 1932),
('Toronto International Film Festival', 'Canada', 'Film Festival', 1976),
('Cinequest Film & Creativity Festival', 'USA', 'Film Festival', 1990),
('Tokyo International Film Festival', 'Japan', 'Film Festival', 1985),
('San Sebastián International Film Festival', 'Spain', 'Film Festival', 1953),
('Busan International Film Festival', 'South Korea', 'Film Festival', 1996),
('Locarno Film Festival', 'Switzerland', 'Film Festival', 1946),
('International Documentary Film Festival Amsterdam', 'Netherlands', 'Documentary Festival', 1988),
('Sydney Film Festival', 'Australia', 'Film Festival', 1954),
('Shanghai International Film Festival', 'China', 'Film Festival', 1993),
('Mumbai Film Festival', 'India', 'Film Festival', 1997),
('Cairo International Film Festival', 'Egypt', 'Film Festival', 1976),
('Cleveland International Film Festival', 'USA', 'Film Festival', 1977),
('Göteborg Film Festival', 'Sweden', 'Film Festival', 1979),
('Havana Film Festival', 'Cuba', 'Film Festival', 1979),
('Dubai International Film Festival', 'UAE', 'Film Festival', 2004),
('Jerusalem Film Festival', 'Israel', 'Film Festival', 1984);

-- Insert into EDICAO table
INSERT INTO EDICAO (Nome_Evento, Ano, Localidade) VALUES
('Cannes Film Festival', 2022, 'Cannes'),
('Sundance Film Festival', 2022, 'Park City'),
('Berlin International Film Festival', 2022, 'Berlin'),
('Venice Film Festival', 2022, 'Venice'),
('Toronto International Film Festival', 2022, 'Toronto'),
('Cinequest Film & Creativity Festival', 2022, 'San Jose'),
('Tokyo International Film Festival', 2022, 'Tokyo'),
('San Sebastián International Film Festival', 2022, 'San Sebastián'),
('Busan International Film Festival', 2022, 'Busan'),
('Locarno Film Festival', 2022, 'Locarno'),
('International Documentary Film Festival Amsterdam', 2022, 'Amsterdam'),
('Sydney Film Festival', 2022, 'Sydney'),
('Shanghai International Film Festival', 2022, 'Shanghai'),
('Mumbai Film Festival', 2022, 'Mumbai'),
('Cairo International Film Festival', 2022, 'Cairo'),
('Cleveland International Film Festival', 2022, 'Cleveland'),
('Göteborg Film Festival', 2022, 'Göteborg'),
('Havana Film Festival', 2022, 'Havana'),
('Dubai International Film Festival', 2022, 'Dubai'),
('Jerusalem Film Festival', 2022, 'Jerusalem');

-- Insert into PESSOA table
INSERT INTO PESSOA (Nome, Nome_Arte, Sexo, Ano_nasc, Site, Ano_Estreia, Situacao, Nacionalidade) VALUES
('Quentin Tarantino', 'Quentin', 'Masculino', '1963', 'www.quentintarantino.info', 1987, 'ATIVO(A)', 'USA'),
('Cate Blanchett', 'Cate', 'Feminino', '1969', 'www.cateblanchett.com', 1992, 'ATIVO(A)', 'Australia'),
('Pedro Almodóvar', 'Pedro', 'Masculino', '1949', 'www.pedroalmodovar.com', 1974, 'ATIVO(A)', 'Spain'),
('Bong Joon-ho', 'Bong', 'Masculino', '1969', 'www.bongjoonho.com', 2000, 'ATIVO(A)', 'South Korea'),
('Isabelle Huppert', 'Isabelle', 'Feminino', '1953', 'www.isabellehuppert.fr', 1971, 'ATIVO(A)', 'France'),
('Rajkumar Hirani', 'Rajkumar', 'Masculino', '1962', 'www.rajkumarhirani.com', 2003, 'ATIVO(A)', 'India'),
('Sofia Coppola', 'Sofia', 'Feminino', '1971', 'www.sofiacoppola.com', 1999, 'ATIVO(A)', 'USA'),
('Alfonso Cuarón', 'Alfonso', 'Masculino', '1961', 'www.alfonsocuaron.com', 1991, 'ATIVO(A)', 'Mexico'),
('Agnes Varda', 'Agnes', 'Feminino', '1928', 'www.agnesvarda.com', 1955, 'ATIVO(A)', 'France'),
('Wong Kar-wai', 'Wong', 'Masculino', '1958', 'www.wongkarwai.com', 1988, 'ATIVO(A)', 'Hong Kong'),
('Aki Kaurismäki', 'Aki', 'Masculino', '1957', 'www.akikaurismaki.com', 1983, 'ATIVO(A)', 'Finland'),
('Greta Gerwig', 'Greta', 'Feminino', '1983', 'www.gretagerwig.com', 2006, 'ATIVO(A)', 'USA'),
('Ang Lee', 'Ang', 'Masculino', '1954', 'www.anglee.com', 1992, 'ATIVO(A)', 'Taiwan'),
('Lynne Ramsay', 'Lynne', 'Feminino', '1969', 'www.lynnramsay.com', 1995, 'ATIVO(A)', 'UK'),
('Park Chan-wook', 'Park', 'Masculino', '1963', 'www.parkchanwook.com', 1992, 'ATIVO(A)', 'South Korea'),
('Agnès Jaoui', 'Agnès', 'Feminino', '1964', 'www.agnesjaoui.com', 1987, 'ATIVO(A)', 'France'),
('Spike Lee', 'Spike', 'Masculino', '1957', 'www.spikelee.com', 1983, 'ATIVO(A)', 'USA'),
('Amitabh Bachchan', 'Amitabh', 'Masculino', '1942', 'www.amitabhbachchan.net', 1969, 'ATIVO(A)', 'India'),
('Lars von Trier', 'Lars', 'Masculino', '1956', 'www.larsvontrier.com', 1977, 'ATIVO(A)', 'Denmark'),
('Juliette Binoche', 'Juliette', 'Feminino', '1964', 'www.juliettebinoche.net', 1983, 'ATIVO(A)', 'France');

-- Insert into FILME table
INSERT INTO FILME (Titulo_Original, Ano_Prod, Titulo_BR, Data_Estreia, Local_Estreia, Idioma_Original, Arrec_PrimAno, Arrec_Total, Genero_Filme) VALUES
('Pulp Fiction', 1994, 'Pulp Fiction', '1994-05-21', 'USA', 'English', 5000000, 213928762, 'Não-Documentário'),
('Blue Jasmine', 2013, 'Blue Jasmine', '2013-07-26', 'USA', 'English', 1800000, 97505481, 'Não-Documentário'),
('Todo sobre mi madre', 1999, 'All About My Mother', '1999-04-16', 'Spain', 'Spanish', 1200000, 6897205, 'Não-Documentário'),
('Parasite', 2019, 'Parasita', '2019-05-21', 'South Korea', 'Korean', 5000000, 266902953, 'Não-Documentário'),
('Elle', 2016, 'Elle', '2016-05-21', 'France', 'French', 2000000, 13144937, 'Não-Documentário'),
('Munna Bhai M.B.B.S.', 2003, 'Munna Bhai M.B.B.S.', '2003-12-19', 'India', 'Hindi', 1000000, 20000000, 'Não-Documentário'),
('Lost in Translation', 2003, 'Encontros e Desencontros', '2003-08-29', 'USA', 'English', 3500000, 119723856, 'Não-Documentário'),
('Roma', 2018, 'Roma', '2018-08-30', 'Mexico', 'Spanish', 4000000, 48958273, 'Não-Documentário'),
('Cléo de 5 à 7', 1962, 'Cleo das 5 às 7', '1962-04-11', 'France', 'French', 180556, 200000, 'Não-Documentário'),
('Chungking Express', 1994, 'Chungking Express', '1994-07-14', 'Hong Kong', 'Cantonese', 500000, 1300000, 'Não-Documentário'),
('Kauas pilvet karkaavat', 1996, 'As Nuvens Correm', '1996-11-01', 'Finland', 'Finnish', 700000, 3300000, 'Não-Documentário'),
('Lady Bird', 2017, 'Lady Bird', '2017-09-01', 'USA', 'English', 3000000, 79128623, 'Não-Documentário'),
('Crouching Tiger, Hidden Dragon', 2000, 'O Tigre e o Dragão', '2000-05-20', 'Taiwan', 'Mandarin', 12000000, 213525736, 'Não-Documentário'),
('We Need to Talk About Kevin', 2011, 'Precisamos Falar Sobre o Kevin', '2011-05-12', 'UK', 'English', 5000000, 10949013, 'Não-Documentário'),
('Oldboy', 2003, 'Oldboy', '2003-11-21', 'South Korea', 'Korean', 3000000, 14900000, 'Não-Documentário'),
('Le goût des autres', 2000, 'O Gosto dos Outros', '2000-03-15', 'France', 'French', 2000000, 17950813, 'Não-Documentário'),
('Do the Right Thing', 1989, 'Faça a Coisa Certa', '1989-06-30', 'USA', 'English', 6000000, 37724289, 'Não-Documentário'),
('Sholay', 1975, 'Sholay', '1975-08-15', 'India', 'Hindi', 3000000, 30000000, 'Não-Documentário'),
('Breaking the Waves', 1996, 'Ondas do Destino', '1996-05-18', 'Denmark', 'Danish', 4000000, 6300000, 'Não-Documentário'),
('Trois couleurs: Rouge', 1994, 'Três Cores: Vermelho', '1994-05-27', 'France', 'French', 3000000, 17281075, 'Não-Documentário');

